optimization,workload,instructions,image_bytes,executed_steps,checkpoints,explicit_yields,return
Os,readme,200,1695,200,200,1,0
Os,hardware,112,928,112,112,1,1129
Os,early,10,112,10,10,1,7
Os,late,10,112,10,10,1,23
Os,twice,32,288,32,32,2,23
Os,branch_true,38,336,28,28,1,12
Os,branch_false,38,336,27,27,1,3
Os,strings,28,277,28,28,1,19
Os,arithmetic_00,138,1136,138,138,2,3
Os,arithmetic_01,138,1136,138,138,2,16
Os,arithmetic_02,138,1136,138,138,2,6
Os,arithmetic_03,138,1136,138,138,2,11
Os,arithmetic_04,138,1136,138,138,2,30
Os,arithmetic_05,138,1136,138,138,2,7
Os,arithmetic_06,138,1136,138,138,2,0
Os,arithmetic_07,138,1136,138,138,2,17
Os,arithmetic_08,138,1136,138,138,2,0
Os,arithmetic_09,138,1136,138,138,2,3
Os,arithmetic_10,138,1136,138,138,2,0
Os,arithmetic_11,138,1136,138,138,2,1
Os,arithmetic_12,138,1136,138,138,2,0
Os,arithmetic_13,138,1136,138,138,2,39
Os,arithmetic_14,138,1136,138,138,2,0
Os,arithmetic_15,138,1136,138,138,2,546
Os,arithmetic_16,138,1136,138,138,2,1
Os,arithmetic_17,138,1136,138,138,2,1
Os,arithmetic_18,138,1136,138,138,2,5
Os,arithmetic_19,138,1136,138,138,2,7
Os,arithmetic_20,138,1136,138,138,2,4
Os,arithmetic_21,138,1136,138,138,2,13
Os,arithmetic_22,138,1136,138,138,2,530
Os,arithmetic_23,138,1136,138,138,2,7
O2,readme,200,1695,200,200,1,0
O2,hardware,112,928,112,112,1,1129
O2,early,10,112,10,10,1,7
O2,late,10,112,10,10,1,23
O2,twice,32,288,32,32,2,23
O2,branch_true,38,336,28,28,1,12
O2,branch_false,38,336,27,27,1,3
O2,strings,28,277,28,28,1,19
O2,arithmetic_00,138,1136,138,138,2,3
O2,arithmetic_01,138,1136,138,138,2,16
O2,arithmetic_02,138,1136,138,138,2,6
O2,arithmetic_03,138,1136,138,138,2,11
O2,arithmetic_04,138,1136,138,138,2,30
O2,arithmetic_05,138,1136,138,138,2,7
O2,arithmetic_06,138,1136,138,138,2,0
O2,arithmetic_07,138,1136,138,138,2,17
O2,arithmetic_08,138,1136,138,138,2,0
O2,arithmetic_09,138,1136,138,138,2,3
O2,arithmetic_10,138,1136,138,138,2,0
O2,arithmetic_11,138,1136,138,138,2,1
O2,arithmetic_12,138,1136,138,138,2,0
O2,arithmetic_13,138,1136,138,138,2,39
O2,arithmetic_14,138,1136,138,138,2,0
O2,arithmetic_15,138,1136,138,138,2,546
O2,arithmetic_16,138,1136,138,138,2,1
O2,arithmetic_17,138,1136,138,138,2,1
O2,arithmetic_18,138,1136,138,138,2,5
O2,arithmetic_19,138,1136,138,138,2,7
O2,arithmetic_20,138,1136,138,138,2,4
O2,arithmetic_21,138,1136,138,138,2,13
O2,arithmetic_22,138,1136,138,138,2,530
O2,arithmetic_23,138,1136,138,138,2,7
