optimization,workload,loaded_program_allocator_bytes,context_bytes
Os,readme,1856,528
Os,hardware,1000,528
Os,early,184,528
Os,late,184,528
Os,twice,360,528
Os,branch_true,408,528
Os,branch_false,408,528
Os,strings,392,528
Os,arithmetic_00,1208,528
Os,arithmetic_01,1208,528
Os,arithmetic_02,1208,528
Os,arithmetic_03,1208,528
Os,arithmetic_04,1208,528
Os,arithmetic_05,1208,528
Os,arithmetic_06,1208,528
Os,arithmetic_07,1208,528
Os,arithmetic_08,1208,528
Os,arithmetic_09,1208,528
Os,arithmetic_10,1208,528
Os,arithmetic_11,1208,528
Os,arithmetic_12,1208,528
Os,arithmetic_13,1208,528
Os,arithmetic_14,1208,528
Os,arithmetic_15,1208,528
Os,arithmetic_16,1208,528
Os,arithmetic_17,1208,528
Os,arithmetic_18,1208,528
Os,arithmetic_19,1208,528
Os,arithmetic_20,1208,528
Os,arithmetic_21,1208,528
Os,arithmetic_22,1208,528
Os,arithmetic_23,1208,528
O2,readme,1856,528
O2,hardware,1000,528
O2,early,184,528
O2,late,184,528
O2,twice,360,528
O2,branch_true,408,528
O2,branch_false,408,528
O2,strings,392,528
O2,arithmetic_00,1208,528
O2,arithmetic_01,1208,528
O2,arithmetic_02,1208,528
O2,arithmetic_03,1208,528
O2,arithmetic_04,1208,528
O2,arithmetic_05,1208,528
O2,arithmetic_06,1208,528
O2,arithmetic_07,1208,528
O2,arithmetic_08,1208,528
O2,arithmetic_09,1208,528
O2,arithmetic_10,1208,528
O2,arithmetic_11,1208,528
O2,arithmetic_12,1208,528
O2,arithmetic_13,1208,528
O2,arithmetic_14,1208,528
O2,arithmetic_15,1208,528
O2,arithmetic_16,1208,528
O2,arithmetic_17,1208,528
O2,arithmetic_18,1208,528
O2,arithmetic_19,1208,528
O2,arithmetic_20,1208,528
O2,arithmetic_21,1208,528
O2,arithmetic_22,1208,528
O2,arithmetic_23,1208,528
