optimization,workload,operation,sample,batch_size,ns_per_operation
Os,readme,0,0,1000,19.900
Os,readme,0,1,1000,19.800
Os,readme,0,2,1000,19.900
Os,readme,0,3,1000,19.900
Os,readme,0,4,1000,19.800
Os,readme,0,5,1000,19.800
Os,readme,0,6,1000,19.800
Os,readme,0,7,1000,19.800
Os,readme,0,8,1000,19.800
Os,readme,0,9,1000,19.900
Os,readme,0,10,1000,19.700
Os,readme,0,11,1000,19.800
Os,readme,0,12,1000,19.700
Os,readme,0,13,1000,19.700
Os,readme,0,14,1000,19.700
Os,readme,0,15,1000,19.700
Os,readme,0,16,1000,19.700
Os,readme,0,17,1000,19.700
Os,readme,0,18,1000,19.800
Os,readme,0,19,1000,19.700
Os,readme,0,20,1000,19.800
Os,readme,0,21,1000,19.700
Os,readme,0,22,1000,19.700
Os,readme,0,23,1000,19.700
Os,readme,0,24,1000,19.700
Os,readme,0,25,1000,19.700
Os,readme,0,26,1000,19.700
Os,readme,0,27,1000,19.800
Os,readme,0,28,1000,19.700
Os,readme,0,29,1000,19.700
Os,readme,0,30,1000,19.700
Os,readme,1,0,1000,17.200
Os,readme,1,1,1000,17.200
Os,readme,1,2,1000,17.100
Os,readme,1,3,1000,17.200
Os,readme,1,4,1000,17.100
Os,readme,1,5,1000,17.200
Os,readme,1,6,1000,17.100
Os,readme,1,7,1000,17.100
Os,readme,1,8,1000,17.200
Os,readme,1,9,1000,17.100
Os,readme,1,10,1000,17.200
Os,readme,1,11,1000,17.100
Os,readme,1,12,1000,17.100
Os,readme,1,13,1000,17.200
Os,readme,1,14,1000,17.100
Os,readme,1,15,1000,17.100
Os,readme,1,16,1000,17.100
Os,readme,1,17,1000,17.200
Os,readme,1,18,1000,17.200
Os,readme,1,19,1000,17.100
Os,readme,1,20,1000,17.100
Os,readme,1,21,1000,17.100
Os,readme,1,22,1000,17.100
Os,readme,1,23,1000,17.100
Os,readme,1,24,1000,17.100
Os,readme,1,25,1000,17.200
Os,readme,1,26,1000,17.300
Os,readme,1,27,1000,20.100
Os,readme,1,28,1000,17.300
Os,readme,1,29,1000,17.200
Os,readme,1,30,1000,17.200
Os,readme,2,0,100,362.000
Os,readme,2,1,100,355.000
Os,readme,2,2,100,358.000
Os,readme,2,3,100,361.000
Os,readme,2,4,100,350.000
Os,readme,2,5,100,361.000
Os,readme,2,6,100,361.000
Os,readme,2,7,100,360.000
Os,readme,2,8,100,361.000
Os,readme,2,9,100,350.000
Os,readme,2,10,100,359.000
Os,readme,2,11,100,361.000
Os,readme,2,12,100,360.000
Os,readme,2,13,100,351.000
Os,readme,2,14,100,356.000
Os,readme,2,15,100,356.000
Os,readme,2,16,100,355.000
Os,readme,2,17,100,359.000
Os,readme,2,18,100,355.000
Os,readme,2,19,100,354.000
Os,readme,2,20,100,356.000
Os,readme,2,21,100,353.000
Os,readme,2,22,100,354.000
Os,readme,2,23,100,355.000
Os,readme,2,24,100,354.000
Os,readme,2,25,100,353.000
Os,readme,2,26,100,356.000
Os,readme,2,27,100,358.000
Os,readme,2,28,100,358.000
Os,readme,2,29,100,348.000
Os,readme,2,30,100,358.000
Os,readme,3,0,1000,555.900
Os,readme,3,1,1000,557.800
Os,readme,3,2,1000,556.000
Os,readme,3,3,1000,556.000
Os,readme,3,4,1000,557.700
Os,readme,3,5,1000,556.000
Os,readme,3,6,1000,556.000
Os,readme,3,7,1000,556.700
Os,readme,3,8,1000,558.100
Os,readme,3,9,1000,567.500
Os,readme,3,10,1000,585.100
Os,readme,3,11,1000,557.900
Os,readme,3,12,1000,556.100
Os,readme,3,13,1000,556.000
Os,readme,3,14,1000,556.000
Os,readme,3,15,1000,557.400
Os,readme,3,16,1000,552.500
Os,readme,3,17,1000,553.600
Os,readme,3,18,1000,557.400
Os,readme,3,19,1000,558.600
Os,readme,3,20,1000,556.000
Os,readme,3,21,1000,555.900
Os,readme,3,22,1000,557.500
Os,readme,3,23,1000,556.100
Os,readme,3,24,1000,556.100
Os,readme,3,25,1000,557.700
Os,readme,3,26,1000,556.000
Os,readme,3,27,1000,556.000
Os,readme,3,28,1000,557.500
Os,readme,3,29,1000,556.100
Os,readme,3,30,1000,556.100
Os,hardware,0,0,1000,24.700
Os,hardware,0,1,1000,24.800
Os,hardware,0,2,1000,24.700
Os,hardware,0,3,1000,24.900
Os,hardware,0,4,1000,24.700
Os,hardware,0,5,1000,24.800
Os,hardware,0,6,1000,24.800
Os,hardware,0,7,1000,24.800
Os,hardware,0,8,1000,24.700
Os,hardware,0,9,1000,24.700
Os,hardware,0,10,1000,24.700
Os,hardware,0,11,1000,24.800
Os,hardware,0,12,1000,24.900
Os,hardware,0,13,1000,24.800
Os,hardware,0,14,1000,24.900
Os,hardware,0,15,1000,24.800
Os,hardware,0,16,1000,24.900
Os,hardware,0,17,1000,24.700
Os,hardware,0,18,1000,24.700
Os,hardware,0,19,1000,24.800
Os,hardware,0,20,1000,24.800
Os,hardware,0,21,1000,24.800
Os,hardware,0,22,1000,24.800
Os,hardware,0,23,1000,24.800
Os,hardware,0,24,1000,23.300
Os,hardware,0,25,1000,19.900
Os,hardware,0,26,1000,19.800
Os,hardware,0,27,1000,19.900
Os,hardware,0,28,1000,19.900
Os,hardware,0,29,1000,19.900
Os,hardware,0,30,1000,19.800
Os,hardware,1,0,1000,16.500
Os,hardware,1,1,1000,16.500
Os,hardware,1,2,1000,16.400
Os,hardware,1,3,1000,16.500
Os,hardware,1,4,1000,16.500
Os,hardware,1,5,1000,16.500
Os,hardware,1,6,1000,16.500
Os,hardware,1,7,1000,16.500
Os,hardware,1,8,1000,16.500
Os,hardware,1,9,1000,16.500
Os,hardware,1,10,1000,21.200
Os,hardware,1,11,1000,16.500
Os,hardware,1,12,1000,16.500
Os,hardware,1,13,1000,16.200
Os,hardware,1,14,1000,16.400
Os,hardware,1,15,1000,16.500
Os,hardware,1,16,1000,16.200
Os,hardware,1,17,1000,16.500
Os,hardware,1,18,1000,16.500
Os,hardware,1,19,1000,16.500
Os,hardware,1,20,1000,16.200
Os,hardware,1,21,1000,16.500
Os,hardware,1,22,1000,16.500
Os,hardware,1,23,1000,16.400
Os,hardware,1,24,1000,16.500
Os,hardware,1,25,1000,16.500
Os,hardware,1,26,1000,16.500
Os,hardware,1,27,1000,16.500
Os,hardware,1,28,1000,16.300
Os,hardware,1,29,1000,16.400
Os,hardware,1,30,1000,16.500
Os,hardware,2,0,100,183.000
Os,hardware,2,1,100,184.000
Os,hardware,2,2,100,182.000
Os,hardware,2,3,100,183.000
Os,hardware,2,4,100,183.000
Os,hardware,2,5,100,182.000
Os,hardware,2,6,100,182.000
Os,hardware,2,7,100,182.000
Os,hardware,2,8,100,182.000
Os,hardware,2,9,100,182.000
Os,hardware,2,10,100,182.000
Os,hardware,2,11,100,182.000
Os,hardware,2,12,100,181.000
Os,hardware,2,13,100,181.000
Os,hardware,2,14,100,182.000
Os,hardware,2,15,100,182.000
Os,hardware,2,16,100,182.000
Os,hardware,2,17,100,182.000
Os,hardware,2,18,100,182.000
Os,hardware,2,19,100,182.000
Os,hardware,2,20,100,182.000
Os,hardware,2,21,100,181.000
Os,hardware,2,22,100,181.000
Os,hardware,2,23,100,182.000
Os,hardware,2,24,100,182.000
Os,hardware,2,25,100,182.000
Os,hardware,2,26,100,182.000
Os,hardware,2,27,100,181.000
Os,hardware,2,28,100,182.000
Os,hardware,2,29,100,182.000
Os,hardware,2,30,100,181.000
Os,hardware,3,0,1000,302.800
Os,hardware,3,1,1000,302.800
Os,hardware,3,2,1000,304.200
Os,hardware,3,3,1000,303.000
Os,hardware,3,4,1000,302.900
Os,hardware,3,5,1000,305.000
Os,hardware,3,6,1000,303.000
Os,hardware,3,7,1000,303.000
Os,hardware,3,8,1000,303.000
Os,hardware,3,9,1000,327.300
Os,hardware,3,10,1000,303.000
Os,hardware,3,11,1000,303.000
Os,hardware,3,12,1000,304.700
Os,hardware,3,13,1000,303.000
Os,hardware,3,14,1000,302.900
Os,hardware,3,15,1000,302.900
Os,hardware,3,16,1000,303.000
Os,hardware,3,17,1000,304.100
Os,hardware,3,18,1000,303.000
Os,hardware,3,19,1000,303.000
Os,hardware,3,20,1000,302.900
Os,hardware,3,21,1000,301.900
Os,hardware,3,22,1000,301.100
Os,hardware,3,23,1000,302.100
Os,hardware,3,24,1000,301.400
Os,hardware,3,25,1000,302.900
Os,hardware,3,26,1000,303.000
Os,hardware,3,27,1000,302.900
Os,hardware,3,28,1000,303.000
Os,hardware,3,29,1000,304.700
Os,hardware,3,30,1000,302.900
Os,arithmetic_00,0,0,1000,20.000
Os,arithmetic_00,0,1,1000,20.000
Os,arithmetic_00,0,2,1000,19.900
Os,arithmetic_00,0,3,1000,20.000
Os,arithmetic_00,0,4,1000,19.900
Os,arithmetic_00,0,5,1000,20.000
Os,arithmetic_00,0,6,1000,20.000
Os,arithmetic_00,0,7,1000,20.000
Os,arithmetic_00,0,8,1000,19.900
Os,arithmetic_00,0,9,1000,20.000
Os,arithmetic_00,0,10,1000,20.000
Os,arithmetic_00,0,11,1000,19.900
Os,arithmetic_00,0,12,1000,20.000
Os,arithmetic_00,0,13,1000,20.000
Os,arithmetic_00,0,14,1000,20.000
Os,arithmetic_00,0,15,1000,20.000
Os,arithmetic_00,0,16,1000,20.000
Os,arithmetic_00,0,17,1000,19.900
Os,arithmetic_00,0,18,1000,20.000
Os,arithmetic_00,0,19,1000,19.900
Os,arithmetic_00,0,20,1000,20.000
Os,arithmetic_00,0,21,1000,19.900
Os,arithmetic_00,0,22,1000,19.900
Os,arithmetic_00,0,23,1000,20.000
Os,arithmetic_00,0,24,1000,20.000
Os,arithmetic_00,0,25,1000,20.000
Os,arithmetic_00,0,26,1000,19.900
Os,arithmetic_00,0,27,1000,20.100
Os,arithmetic_00,0,28,1000,20.000
Os,arithmetic_00,0,29,1000,19.900
Os,arithmetic_00,0,30,1000,19.900
Os,arithmetic_00,1,0,1000,16.300
Os,arithmetic_00,1,1,1000,16.400
Os,arithmetic_00,1,2,1000,16.400
Os,arithmetic_00,1,3,1000,16.400
Os,arithmetic_00,1,4,1000,16.400
Os,arithmetic_00,1,5,1000,16.300
Os,arithmetic_00,1,6,1000,16.400
Os,arithmetic_00,1,7,1000,16.400
Os,arithmetic_00,1,8,1000,16.300
Os,arithmetic_00,1,9,1000,16.400
Os,arithmetic_00,1,10,1000,16.300
Os,arithmetic_00,1,11,1000,16.300
Os,arithmetic_00,1,12,1000,16.300
Os,arithmetic_00,1,13,1000,16.300
Os,arithmetic_00,1,14,1000,16.300
Os,arithmetic_00,1,15,1000,16.400
Os,arithmetic_00,1,16,1000,16.300
Os,arithmetic_00,1,17,1000,16.400
Os,arithmetic_00,1,18,1000,16.300
Os,arithmetic_00,1,19,1000,16.700
Os,arithmetic_00,1,20,1000,16.600
Os,arithmetic_00,1,21,1000,16.600
Os,arithmetic_00,1,22,1000,16.600
Os,arithmetic_00,1,23,1000,16.600
Os,arithmetic_00,1,24,1000,16.700
Os,arithmetic_00,1,25,1000,16.600
Os,arithmetic_00,1,26,1000,16.700
Os,arithmetic_00,1,27,1000,16.600
Os,arithmetic_00,1,28,1000,16.700
Os,arithmetic_00,1,29,1000,16.700
Os,arithmetic_00,1,30,1000,16.600
Os,arithmetic_00,2,0,100,231.000
Os,arithmetic_00,2,1,100,231.000
Os,arithmetic_00,2,2,100,231.000
Os,arithmetic_00,2,3,100,231.000
Os,arithmetic_00,2,4,100,231.000
Os,arithmetic_00,2,5,100,231.000
Os,arithmetic_00,2,6,100,231.000
Os,arithmetic_00,2,7,100,231.000
Os,arithmetic_00,2,8,100,231.000
Os,arithmetic_00,2,9,100,232.000
Os,arithmetic_00,2,10,100,231.000
Os,arithmetic_00,2,11,100,231.000
Os,arithmetic_00,2,12,100,231.000
Os,arithmetic_00,2,13,100,231.000
Os,arithmetic_00,2,14,100,231.000
Os,arithmetic_00,2,15,100,231.000
Os,arithmetic_00,2,16,100,231.000
Os,arithmetic_00,2,17,100,255.000
Os,arithmetic_00,2,18,100,232.000
Os,arithmetic_00,2,19,100,231.000
Os,arithmetic_00,2,20,100,231.000
Os,arithmetic_00,2,21,100,224.000
Os,arithmetic_00,2,22,100,223.000
Os,arithmetic_00,2,23,100,224.000
Os,arithmetic_00,2,24,100,224.000
Os,arithmetic_00,2,25,100,223.000
Os,arithmetic_00,2,26,100,224.000
Os,arithmetic_00,2,27,100,224.000
Os,arithmetic_00,2,28,100,223.000
Os,arithmetic_00,2,29,100,223.000
Os,arithmetic_00,2,30,100,223.000
Os,arithmetic_00,3,0,1000,329.400
Os,arithmetic_00,3,1,1000,329.400
Os,arithmetic_00,3,2,1000,331.400
Os,arithmetic_00,3,3,1000,329.200
Os,arithmetic_00,3,4,1000,327.100
Os,arithmetic_00,3,5,1000,327.100
Os,arithmetic_00,3,6,1000,327.600
Os,arithmetic_00,3,7,1000,329.200
Os,arithmetic_00,3,8,1000,360.700
Os,arithmetic_00,3,9,1000,329.100
Os,arithmetic_00,3,10,1000,327.100
Os,arithmetic_00,3,11,1000,329.100
Os,arithmetic_00,3,12,1000,327.600
Os,arithmetic_00,3,13,1000,309.400
Os,arithmetic_00,3,14,1000,299.800
Os,arithmetic_00,3,15,1000,299.800
Os,arithmetic_00,3,16,1000,298.200
Os,arithmetic_00,3,17,1000,314.900
Os,arithmetic_00,3,18,1000,329.300
Os,arithmetic_00,3,19,1000,328.200
Os,arithmetic_00,3,20,1000,327.100
Os,arithmetic_00,3,21,1000,327.200
Os,arithmetic_00,3,22,1000,328.600
Os,arithmetic_00,3,23,1000,329.300
Os,arithmetic_00,3,24,1000,330.800
Os,arithmetic_00,3,25,1000,329.200
Os,arithmetic_00,3,26,1000,329.200
Os,arithmetic_00,3,27,1000,329.200
Os,arithmetic_00,3,28,1000,328.100
Os,arithmetic_00,3,29,1000,327.000
Os,arithmetic_00,3,30,1000,328.900
O2,readme,0,0,1000,17.000
O2,readme,0,1,1000,17.000
O2,readme,0,2,1000,17.000
O2,readme,0,3,1000,17.100
O2,readme,0,4,1000,17.100
O2,readme,0,5,1000,17.000
O2,readme,0,6,1000,17.000
O2,readme,0,7,1000,17.100
O2,readme,0,8,1000,17.000
O2,readme,0,9,1000,17.200
O2,readme,0,10,1000,17.100
O2,readme,0,11,1000,17.100
O2,readme,0,12,1000,17.100
O2,readme,0,13,1000,17.100
O2,readme,0,14,1000,17.100
O2,readme,0,15,1000,17.100
O2,readme,0,16,1000,17.100
O2,readme,0,17,1000,17.000
O2,readme,0,18,1000,17.100
O2,readme,0,19,1000,17.100
O2,readme,0,20,1000,17.100
O2,readme,0,21,1000,16.900
O2,readme,0,22,1000,17.100
O2,readme,0,23,1000,17.100
O2,readme,0,24,1000,17.100
O2,readme,0,25,1000,17.100
O2,readme,0,26,1000,17.000
O2,readme,0,27,1000,17.200
O2,readme,0,28,1000,17.100
O2,readme,0,29,1000,16.900
O2,readme,0,30,1000,17.100
O2,readme,1,0,1000,17.800
O2,readme,1,1,1000,17.900
O2,readme,1,2,1000,18.000
O2,readme,1,3,1000,18.100
O2,readme,1,4,1000,18.000
O2,readme,1,5,1000,17.800
O2,readme,1,6,1000,17.900
O2,readme,1,7,1000,18.000
O2,readme,1,8,1000,17.900
O2,readme,1,9,1000,18.000
O2,readme,1,10,1000,18.000
O2,readme,1,11,1000,18.000
O2,readme,1,12,1000,18.000
O2,readme,1,13,1000,17.900
O2,readme,1,14,1000,17.900
O2,readme,1,15,1000,17.900
O2,readme,1,16,1000,18.000
O2,readme,1,17,1000,18.000
O2,readme,1,18,1000,18.000
O2,readme,1,19,1000,17.900
O2,readme,1,20,1000,17.800
O2,readme,1,21,1000,17.900
O2,readme,1,22,1000,18.000
O2,readme,1,23,1000,17.900
O2,readme,1,24,1000,18.000
O2,readme,1,25,1000,17.800
O2,readme,1,26,1000,17.900
O2,readme,1,27,1000,18.000
O2,readme,1,28,1000,17.900
O2,readme,1,29,1000,18.000
O2,readme,1,30,1000,17.900
O2,readme,2,0,100,274.000
O2,readme,2,1,100,276.000
O2,readme,2,2,100,274.000
O2,readme,2,3,100,278.000
O2,readme,2,4,100,277.000
O2,readme,2,5,100,275.000
O2,readme,2,6,100,275.000
O2,readme,2,7,100,274.000
O2,readme,2,8,100,281.000
O2,readme,2,9,100,274.000
O2,readme,2,10,100,275.000
O2,readme,2,11,100,275.000
O2,readme,2,12,100,275.000
O2,readme,2,13,100,275.000
O2,readme,2,14,100,277.000
O2,readme,2,15,100,275.000
O2,readme,2,16,100,278.000
O2,readme,2,17,100,294.000
O2,readme,2,18,100,274.000
O2,readme,2,19,100,273.000
O2,readme,2,20,100,274.000
O2,readme,2,21,100,274.000
O2,readme,2,22,100,273.000
O2,readme,2,23,100,273.000
O2,readme,2,24,100,272.000
O2,readme,2,25,100,274.000
O2,readme,2,26,100,272.000
O2,readme,2,27,100,273.000
O2,readme,2,28,100,273.000
O2,readme,2,29,100,272.000
O2,readme,2,30,100,273.000
O2,readme,3,0,1000,480.300
O2,readme,3,1,1000,477.700
O2,readme,3,2,1000,474.400
O2,readme,3,3,1000,474.500
O2,readme,3,4,1000,476.500
O2,readme,3,5,1000,474.400
O2,readme,3,6,1000,474.300
O2,readme,3,7,1000,470.200
O2,readme,3,8,1000,470.100
O2,readme,3,9,1000,471.300
O2,readme,3,10,1000,471.200
O2,readme,3,11,1000,471.300
O2,readme,3,12,1000,472.800
O2,readme,3,13,1000,471.400
O2,readme,3,14,1000,471.400
O2,readme,3,15,1000,473.700
O2,readme,3,16,1000,472.900
O2,readme,3,17,1000,506.400
O2,readme,3,18,1000,474.500
O2,readme,3,19,1000,474.500
O2,readme,3,20,1000,476.000
O2,readme,3,21,1000,474.500
O2,readme,3,22,1000,474.500
O2,readme,3,23,1000,474.200
O2,readme,3,24,1000,475.800
O2,readme,3,25,1000,474.600
O2,readme,3,26,1000,474.600
O2,readme,3,27,1000,475.600
O2,readme,3,28,1000,474.500
O2,readme,3,29,1000,474.400
O2,readme,3,30,1000,474.300
O2,hardware,0,0,1000,18.600
O2,hardware,0,1,1000,18.600
O2,hardware,0,2,1000,18.500
O2,hardware,0,3,1000,18.500
O2,hardware,0,4,1000,18.500
O2,hardware,0,5,1000,18.500
O2,hardware,0,6,1000,18.600
O2,hardware,0,7,1000,18.600
O2,hardware,0,8,1000,18.500
O2,hardware,0,9,1000,18.500
O2,hardware,0,10,1000,18.500
O2,hardware,0,11,1000,18.600
O2,hardware,0,12,1000,18.600
O2,hardware,0,13,1000,18.500
O2,hardware,0,14,1000,18.500
O2,hardware,0,15,1000,18.500
O2,hardware,0,16,1000,18.500
O2,hardware,0,17,1000,18.500
O2,hardware,0,18,1000,18.600
O2,hardware,0,19,1000,18.500
O2,hardware,0,20,1000,18.500
O2,hardware,0,21,1000,18.600
O2,hardware,0,22,1000,18.500
O2,hardware,0,23,1000,18.500
O2,hardware,0,24,1000,18.600
O2,hardware,0,25,1000,18.700
O2,hardware,0,26,1000,18.700
O2,hardware,0,27,1000,18.600
O2,hardware,0,28,1000,18.600
O2,hardware,0,29,1000,18.700
O2,hardware,0,30,1000,18.600
O2,hardware,1,0,1000,20.900
O2,hardware,1,1,1000,17.200
O2,hardware,1,2,1000,17.100
O2,hardware,1,3,1000,17.100
O2,hardware,1,4,1000,17.100
O2,hardware,1,5,1000,17.100
O2,hardware,1,6,1000,17.200
O2,hardware,1,7,1000,17.100
O2,hardware,1,8,1000,17.100
O2,hardware,1,9,1000,17.100
O2,hardware,1,10,1000,17.100
O2,hardware,1,11,1000,17.100
O2,hardware,1,12,1000,17.100
O2,hardware,1,13,1000,17.100
O2,hardware,1,14,1000,17.100
O2,hardware,1,15,1000,17.000
O2,hardware,1,16,1000,17.100
O2,hardware,1,17,1000,17.100
O2,hardware,1,18,1000,17.100
O2,hardware,1,19,1000,17.100
O2,hardware,1,20,1000,17.100
O2,hardware,1,21,1000,20.100
O2,hardware,1,22,1000,17.200
O2,hardware,1,23,1000,17.100
O2,hardware,1,24,1000,17.100
O2,hardware,1,25,1000,17.100
O2,hardware,1,26,1000,17.100
O2,hardware,1,27,1000,17.200
O2,hardware,1,28,1000,17.100
O2,hardware,1,29,1000,17.100
O2,hardware,1,30,1000,17.500
O2,hardware,2,0,100,146.000
O2,hardware,2,1,100,147.000
O2,hardware,2,2,100,147.000
O2,hardware,2,3,100,147.000
O2,hardware,2,4,100,147.000
O2,hardware,2,5,100,147.000
O2,hardware,2,6,100,147.000
O2,hardware,2,7,100,147.000
O2,hardware,2,8,100,147.000
O2,hardware,2,9,100,147.000
O2,hardware,2,10,100,147.000
O2,hardware,2,11,100,147.000
O2,hardware,2,12,100,147.000
O2,hardware,2,13,100,147.000
O2,hardware,2,14,100,147.000
O2,hardware,2,15,100,147.000
O2,hardware,2,16,100,147.000
O2,hardware,2,17,100,147.000
O2,hardware,2,18,100,147.000
O2,hardware,2,19,100,147.000
O2,hardware,2,20,100,147.000
O2,hardware,2,21,100,146.000
O2,hardware,2,22,100,147.000
O2,hardware,2,23,100,145.000
O2,hardware,2,24,100,145.000
O2,hardware,2,25,100,145.000
O2,hardware,2,26,100,145.000
O2,hardware,2,27,100,145.000
O2,hardware,2,28,100,145.000
O2,hardware,2,29,100,145.000
O2,hardware,2,30,100,146.000
O2,hardware,3,0,1000,289.800
O2,hardware,3,1,1000,291.600
O2,hardware,3,2,1000,289.800
O2,hardware,3,3,1000,290.400
O2,hardware,3,4,1000,292.200
O2,hardware,3,5,1000,291.700
O2,hardware,3,6,1000,291.600
O2,hardware,3,7,1000,293.300
O2,hardware,3,8,1000,291.700
O2,hardware,3,9,1000,291.700
O2,hardware,3,10,1000,291.700
O2,hardware,3,11,1000,291.700
O2,hardware,3,12,1000,291.800
O2,hardware,3,13,1000,293.300
O2,hardware,3,14,1000,291.600
O2,hardware,3,15,1000,291.700
O2,hardware,3,16,1000,291.600
O2,hardware,3,17,1000,291.600
O2,hardware,3,18,1000,291.700
O2,hardware,3,19,1000,292.800
O2,hardware,3,20,1000,293.400
O2,hardware,3,21,1000,293.500
O2,hardware,3,22,1000,293.600
O2,hardware,3,23,1000,293.600
O2,hardware,3,24,1000,293.600
O2,hardware,3,25,1000,295.100
O2,hardware,3,26,1000,323.500
O2,hardware,3,27,1000,292.300
O2,hardware,3,28,1000,292.100
O2,hardware,3,29,1000,291.700
O2,hardware,3,30,1000,291.700
O2,arithmetic_00,0,0,1000,14.500
O2,arithmetic_00,0,1,1000,14.500
O2,arithmetic_00,0,2,1000,14.500
O2,arithmetic_00,0,3,1000,14.500
O2,arithmetic_00,0,4,1000,14.500
O2,arithmetic_00,0,5,1000,14.500
O2,arithmetic_00,0,6,1000,14.400
O2,arithmetic_00,0,7,1000,14.400
O2,arithmetic_00,0,8,1000,14.500
O2,arithmetic_00,0,9,1000,14.400
O2,arithmetic_00,0,10,1000,14.400
O2,arithmetic_00,0,11,1000,14.500
O2,arithmetic_00,0,12,1000,14.400
O2,arithmetic_00,0,13,1000,14.400
O2,arithmetic_00,0,14,1000,14.500
O2,arithmetic_00,0,15,1000,14.400
O2,arithmetic_00,0,16,1000,14.500
O2,arithmetic_00,0,17,1000,14.400
O2,arithmetic_00,0,18,1000,14.400
O2,arithmetic_00,0,19,1000,14.500
O2,arithmetic_00,0,20,1000,14.400
O2,arithmetic_00,0,21,1000,14.500
O2,arithmetic_00,0,22,1000,14.500
O2,arithmetic_00,0,23,1000,14.400
O2,arithmetic_00,0,24,1000,14.500
O2,arithmetic_00,0,25,1000,14.500
O2,arithmetic_00,0,26,1000,14.400
O2,arithmetic_00,0,27,1000,14.400
O2,arithmetic_00,0,28,1000,14.500
O2,arithmetic_00,0,29,1000,14.500
O2,arithmetic_00,0,30,1000,14.500
O2,arithmetic_00,1,0,1000,17.000
O2,arithmetic_00,1,1,1000,17.000
O2,arithmetic_00,1,2,1000,17.000
O2,arithmetic_00,1,3,1000,17.000
O2,arithmetic_00,1,4,1000,17.000
O2,arithmetic_00,1,5,1000,17.000
O2,arithmetic_00,1,6,1000,17.000
O2,arithmetic_00,1,7,1000,16.900
O2,arithmetic_00,1,8,1000,17.000
O2,arithmetic_00,1,9,1000,17.000
O2,arithmetic_00,1,10,1000,17.100
O2,arithmetic_00,1,11,1000,17.200
O2,arithmetic_00,1,12,1000,17.100
O2,arithmetic_00,1,13,1000,17.100
O2,arithmetic_00,1,14,1000,17.100
O2,arithmetic_00,1,15,1000,17.100
O2,arithmetic_00,1,16,1000,17.200
O2,arithmetic_00,1,17,1000,17.100
O2,arithmetic_00,1,18,1000,17.100
O2,arithmetic_00,1,19,1000,17.100
O2,arithmetic_00,1,20,1000,17.400
O2,arithmetic_00,1,21,1000,17.100
O2,arithmetic_00,1,22,1000,17.600
O2,arithmetic_00,1,23,1000,17.700
O2,arithmetic_00,1,24,1000,17.100
O2,arithmetic_00,1,25,1000,17.100
O2,arithmetic_00,1,26,1000,17.300
O2,arithmetic_00,1,27,1000,17.600
O2,arithmetic_00,1,28,1000,17.100
O2,arithmetic_00,1,29,1000,17.700
O2,arithmetic_00,1,30,1000,17.600
O2,arithmetic_00,2,0,100,167.000
O2,arithmetic_00,2,1,100,167.000
O2,arithmetic_00,2,2,100,166.000
O2,arithmetic_00,2,3,100,167.000
O2,arithmetic_00,2,4,100,167.000
O2,arithmetic_00,2,5,100,167.000
O2,arithmetic_00,2,6,100,166.000
O2,arithmetic_00,2,7,100,166.000
O2,arithmetic_00,2,8,100,167.000
O2,arithmetic_00,2,9,100,167.000
O2,arithmetic_00,2,10,100,166.000
O2,arithmetic_00,2,11,100,166.000
O2,arithmetic_00,2,12,100,166.000
O2,arithmetic_00,2,13,100,166.000
O2,arithmetic_00,2,14,100,166.000
O2,arithmetic_00,2,15,100,166.000
O2,arithmetic_00,2,16,100,167.000
O2,arithmetic_00,2,17,100,166.000
O2,arithmetic_00,2,18,100,167.000
O2,arithmetic_00,2,19,100,166.000
O2,arithmetic_00,2,20,100,167.000
O2,arithmetic_00,2,21,100,167.000
O2,arithmetic_00,2,22,100,166.000
O2,arithmetic_00,2,23,100,166.000
O2,arithmetic_00,2,24,100,166.000
O2,arithmetic_00,2,25,100,167.000
O2,arithmetic_00,2,26,100,166.000
O2,arithmetic_00,2,27,100,166.000
O2,arithmetic_00,2,28,100,167.000
O2,arithmetic_00,2,29,100,167.000
O2,arithmetic_00,2,30,100,166.000
O2,arithmetic_00,3,0,1000,363.400
O2,arithmetic_00,3,1,1000,363.000
O2,arithmetic_00,3,2,1000,364.300
O2,arithmetic_00,3,3,1000,362.100
O2,arithmetic_00,3,4,1000,365.100
O2,arithmetic_00,3,5,1000,364.800
O2,arithmetic_00,3,6,1000,364.900
O2,arithmetic_00,3,7,1000,370.400
O2,arithmetic_00,3,8,1000,364.200
O2,arithmetic_00,3,9,1000,362.400
O2,arithmetic_00,3,10,1000,364.100
O2,arithmetic_00,3,11,1000,365.200
O2,arithmetic_00,3,12,1000,366.600
O2,arithmetic_00,3,13,1000,362.700
O2,arithmetic_00,3,14,1000,362.800
O2,arithmetic_00,3,15,1000,362.900
O2,arithmetic_00,3,16,1000,362.800
O2,arithmetic_00,3,17,1000,362.800
O2,arithmetic_00,3,18,1000,364.400
O2,arithmetic_00,3,19,1000,362.800
O2,arithmetic_00,3,20,1000,362.800
O2,arithmetic_00,3,21,1000,362.800
O2,arithmetic_00,3,22,1000,362.800
O2,arithmetic_00,3,23,1000,363.900
O2,arithmetic_00,3,24,1000,363.600
O2,arithmetic_00,3,25,1000,363.600
O2,arithmetic_00,3,26,1000,364.600
O2,arithmetic_00,3,27,1000,367.800
O2,arithmetic_00,3,28,1000,365.900
O2,arithmetic_00,3,29,1000,366.600
O2,arithmetic_00,3,30,1000,366.600
